,country,state,lpopd,egood,ebad,mining,plantations,enone,yppp,lyppp,lpoverty,lgini,lhealth,lyear,llit,lschoolspk,lseats,native,black,temp_avg,temp2,rainfall,rain2,alti,alti2,landlocked
0,Argentina,Buenos Aires,-2.974981,1,0,0.0,0.0,0,9321.1923828125,9.140046,2.4896204,-0.7435987,,,-0.01592615,-5.7763534,-12.09578,2.508355,,15.875,252.01562,1.0925999908447266,1.1937747,0.026,0.000676,0.0
1,Argentina,Catamarca,-1.790302,1,0,0.0,0.0,0,7304.71337890625,8.8962755,2.74084,-0.83240926,,,-0.029737791,-5.278515,-10.877821,2.522629,,20.525,421.2756,0.45809999871253965,0.20985562,0.519,0.269361,1.0
2,Argentina,Chaco,-0.4620959,1,0,0.0,0.0,0,5624.8720703125,8.6349535,3.2580965,-0.64874756,,,-0.08316425,-5.5994225,-11.645584,3.627478,,21.008333,441.35007,1.556699993133545,2.4233148,0.047,0.0022089998,1.0
3,Argentina,Chubut,-4.711761,0,0,0.0,0.0,1,13967.3125,9.544475,2.00148,-0.79252565,,,-0.031284273,-5.8781357,-11.080855,9.68577,,13.05,170.3025,0.22830000114440918,0.05212089,0.003,9e-06,0.0
4,Argentina,Ciudad de Buenos Aires (Capital Federal),-2.974981,1,0,0.0,0.0,0,30949.99609375,10.340128,0.53062826,-0.68656886,,,-0.004510127,-5.8430448,-11.69358,2.316357,,17.725,314.17563,1.2145999870300292,1.4752531,0.01,1e-04,0.0
5,Argentina,Corrientes,0.5695156,0,1,0.0,1.0,0,5699.54150390625,8.648141,3.0910425,-0.7577924,,,-0.0669949,-5.654992,-11.622136,0.9926667,,21.2,449.44003,1.6456000022888184,2.7079995,0.051,0.002601,1.0
6,Argentina,Córdoba,-0.8267362,1,0,0.0,0.0,0,10655.9580078125,9.273874,2.3039942,-0.8171243,,,-0.02132577,-5.403678,-11.940756,2.095155,,17.283333,298.7136,0.8699000024795532,0.756726,0.383,0.14668898,1.0
7,Argentina,Entre Ríos,0.1237737,1,0,0.0,0.0,0,7986.13720703125,8.985462,2.8518791,-0.7702442,,,-0.031284273,-5.3391395,-11.63911,1.465987,,18.175,330.3306,1.1255999965667725,1.2669754,0.076,0.0057759997,1.0
8,Argentina,Formosa,-1.622491,1,0,0.0,0.0,0,5612.88623046875,8.63282,3.226844,-0.70927656,,,-0.061662693,-5.5994225,-11.239028,5.351899,,22.158333,490.9917,1.498399990081787,2.2452025,0.056,0.0031360001,1.0
9,Argentina,Jujuy,-1.353053,1,0,0.0,0.0,0,6280.29150390625,8.745172,2.8332133,-0.73563725,,,-0.048560187,-5.952244,-11.356687,10.54501,,18.741667,351.25006,0.7776999992132186,0.6048173,1.2,1.44,1.0
10,Argentina,La Pampa,-4.711761,1,0,0.0,0.0,0,12505.4169921875,9.433917,2.3125355,-0.863224,,,-0.02726842,-5.4726706,-10.852571,3.757323,,15.4,237.15999,0.7261999979019165,0.52736646,0.175,0.030624999,1.0
11,Argentina,La Rioja,-1.790302,1,0,0.0,0.0,0,9112.1904296875,9.117369,2.2925348,-0.7881174,,,-0.025010148,-5.2590966,-10.696073,2.089487,,20.008333,400.3334,0.41139999866485594,0.16924995,0.497,0.24700901,1.0
12,Argentina,Mendoza,-2.399524,1,0,0.0,0.0,0,10013.611328125,9.2117,2.3418057,-0.80923164,,,-0.032626525,-6.0748463,-11.849499,2.856843,,16.991667,288.71674,0.22319999980926514,0.04981824,0.823,0.677329,1.0
13,Argentina,Misiones,0.9376114,0,1,0.0,1.0,0,6388.5341796875,8.76226,2.9177706,-0.7277386,,,-0.06379214,-5.8430448,-11.61997,1.48423,,21.508333,462.6084,1.9476999816894531,3.7935352,0.053,0.002809,1.0
14,Argentina,Neuquén,-4.711761,0,0,0.0,0.0,1,18038.408203125,9.800259,2.3223877,-0.74528295,,,-0.034694966,-5.713833,-11.253134,8.602193,,14.741667,217.31674,0.18269999933242798,0.03337929,0.259,0.067081004,1.0
15,Argentina,Río Negro,-4.711761,0,0,0.0,0.0,1,11047.0732421875,9.309921,,,,,-0.038429026,-5.7446046,,7.875535,,14.175,200.93063,0.3800000019073486,0.1444,0.011,0.000121,0.0
16,Argentina,Salta,-1.003486,1,0,0.0,0.0,0,6274.56884765625,8.74426,2.9069011,-0.7601421,,,-0.04772072,-5.952244,-11.723057,6.358556,,16.558332,274.17838,0.8368000044822693,0.70023423,1.182,1.397124,1.0
17,Argentina,San Juan,-2.542107,1,0,0.0,0.0,0,7345.18603515625,8.9018,2.4680996,-0.7739235,,,-0.029943883,-5.8781357,-11.381797,1.476139,,17.9,320.40997,0.09229999935626984,0.00851929,0.639,0.408321,1.0
18,Argentina,San Luis,-2.623098,1,0,0.0,0.0,0,13148.3017578125,9.484048,2.533697,-0.7954014,,,-0.029943883,-5.426151,-10.907408,2.245091,,17.225,296.70065,0.627800000667572,0.39413285,0.708,0.50126404,1.0
19,Argentina,Santa Cruz,-4.711761,0,0,0.0,0.0,1,21554.22265625,9.978327,0.91629076,-0.89722365,,,-0.014504692,-5.9145036,-10.371778,4.876101,,8.041667,64.66841,0.2741999988555908,0.07518564,0.005,2.5e-05,0.0
20,Argentina,Santa Fe,0.1020198,1,0,0.0,0.0,0,10284.2646484375,9.23837,2.7002466,-0.72546375,,,-0.024907665,-5.713833,-11.894532,1.856597,,18.966667,359.73447,0.9904000110626221,0.9808922,0.018,0.00032399996,1.0
21,Argentina,Santiago del Estero,-0.1736059,1,0,0.0,0.0,0,4578.24658203125,8.429071,2.8332133,-0.8407195,,,-0.062301036,-5.1849885,-11.469702,1.430407,,20.391666,415.82007,0.5933000025749207,0.3520049,0.181,0.032760996,1.0
22,Argentina,"Tierra del Fuego, Antártida e Islas del Atlantico Sur",-4.711761,0,0,0.0,0.0,1,40450.234375,10.607828,0.7419373,-0.86678654,,,-0.0070246444,-5.952244,,3.940178,,5.8416667,34.12507,0.5280000038146972,0.278784,0.0,0.0,0.0
23,Argentina,Tucumán,-0.4932184,1,0,0.0,0.0,0,6790.34521484375,8.823257,2.3887627,,,,-0.036871463,-6.0748463,-11.746279,2.007484,,19.341667,374.1001,0.9662999954223633,0.93373567,0.43,0.1849,1.0
24,Bolivia,Beni,0.1,1,0,0.0,0.0,0,2328.4599609375,7.75,4.3307333,-0.6597124,,,-0.09299288,-4.7807,-9.599729,13.966087,,25.74,662.5476,1.4900000095367432,2.2201,0.154,0.023715999,1.0
25,Bolivia,Chuquisaca,-0.22,1,0,0.0,0.0,0,1771.489990234375,7.48,4.2499228,-0.5191939,,,-0.31429985,-5.092343,-9.791555,64.90983,,14.51,210.5401,0.5699999928474426,0.3249,2.783,7.745089,1.0
26,Bolivia,Cochabamba,0.78,1,0,0.0,0.0,0,2606.52001953125,7.87,4.0073333,-0.6931472,,,-0.15700479,-5.189015,-10.284887,68.69241,,27.03,730.6209,0.46000000834465027,0.2116,2.569,6.599761,1.0
27,Bolivia,La Paz,1.32,1,0,0.0,0.0,0,2029.8800048828125,7.62,4.1926804,-0.54472715,,,-0.12092547,-5.133792,-10.440845,59.655575,,12.67,160.5289,0.46000000834465027,0.2116,3.828,14.6535845,1.0
28,Bolivia,Oruro,-0.92,0,1,1.0,0.0,0,2836.080078125,7.95,4.2165623,-0.6792443,,,-0.11216139,-4.614148,-9.75428,60.945976,,9.47,89.68091,0.3700000047683716,0.13690001,3.673,13.49093,1.0
29,Bolivia,Pando,-1.61,1,0,0.0,0.0,0,4222.66015625,8.35,4.2822065,-0.7256704,,,-0.10948008,-4.9895387,-8.255101,11.497382,,26.0,676.0,0.029999999329447746,0.0009,0.28,0.0784,1.0
30,Bolivia,Potosí,-0.92,0,1,1.0,0.0,0,1244.530029296875,7.13,4.3782697,-0.6772738,,,-0.3343545,-5.3482895,-9.729321,80.759026,,7.23,52.2729,0.33000001311302185,0.10890001,4.049,16.3944,1.0
31,Bolivia,Santa Cruz,-0.43,1,0,0.0,0.0,0,3534.8798828125,8.17,3.637586,-0.7072461,,,-0.07537031,-4.934325,-10.414714,22.0725,,24.42,596.3364,1.159999966621399,1.3455999,0.436,0.19009599,1.0
32,Bolivia,Tarija,0.1,1,0,0.0,0.0,0,3861.800048828125,8.26,3.9278963,-0.6254885,,,-0.15198639,-4.0539565,-9.769874,17.876112,,18.21,331.60406,0.5799999833106995,0.33639997,2.114,4.4689965,1.0
33,Brazil,Acre,-1.609438,0,0,0.0,0.0,1,3025.290283203125,8.014762,1.1817272,-0.5603661,,,-0.28088075,-4.834257,-10.8614,1.1376114,2.6348472,24.454546,598.02484,2.13060009765625,4.539457,0.192,0.036864,1.0
34,Brazil,Alagoas,1.798338,0,1,0.0,1.0,0,2808.520751953125,7.940413,1.7474592,-0.48126686,4.5196123,7.090077,-0.40638426,-5.5457764,-12.539763,0.22675647,3.4472244,24.975,623.7507,3.147699951171875,9.908015,0.0,0.0,0.0
35,Brazil,Amapá,0.9632009,0,1,0.0,1.0,0,3810.125,8.245418,0.48242617,-0.56387484,,,-0.12898196,-5.5560794,-10.4947405,1.1227014,4.0867023,26.566668,705.78784,2.90539990234375,8.441349,0.0,0.0,0.0
36,Brazil,Amazonas,-0.7174399,1,0,0.0,0.0,0,8211.046875,9.013236,1.2837079,-0.49265832,,,-0.1683727,-5.351324,-12.4727545,3.248193,2.0517197,26.808332,718.6867,2.841800048828125,8.075828,0.034,0.0011560001,1.0
37,Brazil,Bahia,0.6102738,0,1,0.0,1.0,0,4259.22265625,8.356842,1.5993875,-0.491023,4.5196123,7.090077,-0.2632527,-5.0967197,-12.620218,0.13563421,10.156392,25.4,645.16,2.960800048828125,8.766337,0.765,0.585225,0.0
38,Brazil,Ceará,1.215767,1,0,0.0,0.0,0,3013.316162109375,8.010797,1.6505798,-0.4652151,4.5196123,7.090077,-0.30846468,-5.353858,-12.573395,0.04237695,2.955509,26.545454,704.66113,1.856800048828125,3.4477065,0.0,0.0,0.0
39,Brazil,Distrito Federal,-0.6931472,0,0,0.0,0.0,1,17595.828125,9.775417,0.59332687,-0.49758044,,,-0.058470998,-6.533909,-12.203569,0.08439834,2.9336412,20.945454,438.71204,1.786699951171875,3.1922967,1.079,1.164241,1.0
40,Brazil,Espírito Santo,2.014665,0,1,0.0,1.0,0,7794.6318359375,8.96119,1.1631508,-0.52424866,4.5196123,7.090077,-0.12404105,-5.548432,-12.467668,0.090485826,5.6882524,24.925,621.2556,1.1795999755859374,1.3914561,0.017,0.00028900002,0.0
41,Brazil,Goiás,-0.6931472,0,1,1.0,0.0,0,5092.0556640625,8.535437,0.9858167,-0.5108256,,,-0.12700373,-5.6923776,-12.374822,0.052172303,3.193304,23.825,567.6307,0.9484000244140625,0.8994626,0.618,0.38192397,1.0
42,Brazil,Maranhão,0.8609805,0,1,0.0,1.0,0,1792.97119140625,7.4916296,1.7387103,-0.49758044,4.5196123,7.090077,-0.33397985,-5.0472956,-12.518854,0.3189052,5.6077013,25.866667,669.0845,2.786,7.761796,0.002,4.0000004e-06,0.0
43,Brazil,Mato Grosso,-0.0689929,1,0,0.0,0.0,0,6889.6962890625,8.837782,0.9477895,-0.5108256,,,-0.13193262,-5.561611,-12.439661,0.8168352,3.9089038,25.525,651.52563,1.7899000244140626,3.203742,0.149,0.022201002,1.0
44,Brazil,Mato Grosso do Sul,0.7537718,0,0,0.0,0.0,1,7014.7685546875,8.855773,0.89199805,-0.50916034,,,-0.11866969,-6.0783267,-12.311558,1.8441317,2.1853082,22.341667,499.1501,1.473300048828125,2.170613,0.585,0.342225,1.0
45,Brazil,Minas Gerais,-0.6931472,0,1,1.0,0.0,0,6818.029296875,8.827326,1.0473189,-0.51583815,,,-0.1274274,-5.8115964,-12.601805,0.038905915,6.730698,22.175,491.7306,1.307300048828125,1.7090334,0.875,0.765625,1.0
46,Brazil,Paraná,1.081805,0,1,1.0,0.0,0,8495.4306640625,9.047284,0.8109302,-0.53102833,4.4670568,7.20786,-0.10016956,-5.830554,-12.544448,0.13000968,2.2555857,16.458334,270.87677,1.4500999755859374,2.1027899,0.0,0.0,0.0
47,Brazil,Paraíba,0.879613,0,1,0.0,1.0,0,2859.577880859375,7.9584293,1.6956155,-0.5124937,4.5196123,7.090077,-0.3526046,-5.056305,-12.494067,0.11850075,3.267651,26.0,676.0,0.7156515625,0.51215714,0.003,9e-06,0.0
48,Brazil,Pará,0.2026275,1,0,0.0,0.0,0,3058.656982421875,8.025731,1.3454725,-0.51416457,4.5196123,7.090077,-0.18352422,-5.15757,-12.608592,0.32746992,3.2441137,25.925,672.1056,3.752300048828125,14.079756,0.913,0.833569,0.0
49,Brazil,Pernambuco,0.7421955,0,1,0.0,1.0,0,3531.239501953125,8.169404,1.5368673,-0.48126686,,,-0.28104913,-5.3671303,-12.558137,0.14860532,3.2706938,25.666666,658.7778,2.84760009765625,8.108827,0.0,0.0,0.0
50,Brazil,Piauí,-0.2115723,1,0,0.0,0.0,0,1818.5235595703125,7.50578,1.6677067,-0.491023,4.5196123,7.090077,-0.36400744,-4.8240676,-12.4611025,0.012253866,5.6070356,26.575,706.23065,1.7885999755859374,3.1990898,0.057,0.003249,0.0
51,Brazil,Rio Grande do Norte,1.807793,1,0,0.0,0.0,0,3735.354736328125,8.225598,1.5151272,-0.49758044,4.5196123,7.090077,-0.29344812,-5.3370667,-12.617354,0.016340757,3.0905182,26.95,726.30255,1.4534000244140626,2.1123717,0.01,1e-04,0.0
52,Brazil,Rio Grande do Sul,0.4382549,1,0,0.0,0.0,0,9058.515625,9.111461,0.64710325,-0.5603661,,,-0.06885864,-5.616155,-12.59287,0.15874535,4.3195705,19.383333,375.7136,1.225800048828125,1.5025858,0.0,0.0,0.0
53,Brazil,Rio de Janeiro,2.149062,0,1,0.0,1.0,0,9176.009765625,9.124348,0.46373412,-0.53443545,4.5196123,7.090077,-0.068684846,-5.936775,-12.519296,0.070360795,10.245131,23.954546,573.82025,1.141699951171875,1.3034788,0.054,0.002916,0.0
54,Brazil,Rondônia,-1.609438,0,0,0.0,0.0,1,4300.76904296875,8.3665495,1.054312,-0.55338526,,,-0.13891771,-5.151937,-11.858287,0.36737478,3.5433173,25.283333,639.24695,2.83460009765625,8.034958,0.113,0.012769,1.0
55,Brazil,Roraima,-0.7174399,1,0,0.0,0.0,0,3676.574951171875,8.209737,1.054312,-0.57270104,,,-0.14491014,-5.170738,-10.203592,10.975553,3.6947498,27.922222,779.6505,1.071800048828125,1.1487553,0.074,0.0054760003,1.0
56,Brazil,Santa Catarina,1.081805,1,0,0.0,0.0,0,9092.55078125,9.115211,0.24686006,-0.60148,4.4670568,7.20786,-0.06531276,-5.649498,-12.554967,0.10767381,2.1482732,20.458334,418.54343,1.6775999755859374,2.8143418,0.026,0.000676,0.0
57,Brazil,Sergipe,2.049746,0,1,0.0,1.0,0,3541.171142578125,8.172213,1.508512,-0.49758044,4.5196123,7.090077,-0.28982034,-5.5003123,-12.136187,0.04734073,4.175855,26.125,682.5156,1.929199951171875,3.7218125,0.637,0.40576902,0.0
58,Brazil,São Paulo,0.8109302,1,0,0.0,0.0,0,11717.669921875,9.368854,0.20701419,-0.56387484,4.4670568,7.20786,-0.06865433,-6.370399,-13.007209,0.041964117,3.6775868,19.275,371.5256,1.570800048828125,2.4674127,0.001,1.0000001e-06,0.0
59,Brazil,Tocantins,-0.6931472,0,1,1.0,0.0,0,3168.189208984375,8.060916,1.449269,-0.491023,,,-0.20804387,-5.0765777,-11.652687,0.55149806,6.110782,29.0,841.0,1.4,1.96,0.23,0.0529,1.0
60,Canada,Alberta,0.006669343,0,0,0.0,0.0,1,65829.996,11.302204,2.9123507,-1.005942,3.068053,7.536364,-0.011060924,-5.68,-11.372717,5.8,,3.1,9.61,0.36229998779296874,0.13126127,0.642,0.41216403,1.0
61,Canada,British Columbia,0.09273811,0,0,0.0,0.0,1,36694.1274,10.717746,2.9755297,-0.9856408,,,-0.027371207,-5.7,-11.329558,4.8,,9.7,94.09,0.8414000244140625,0.707954,0.03,0.0009,0.0
62,Canada,Manitoba,0.015340122,0,0,0.0,0.0,1,34255.9794,10.64899,3.0252912,-1.0125263,,,-0.008032188,-5.4,-10.99661,13.6,,2.6,6.7599993,0.4156000061035156,0.17272337,0.227,0.051528998,0.0
63,Canada,New Brunswick,0.05699276,1,0,0.0,0.0,0,29777.91424,10.508896,2.944439,-0.9038682,,,-0.0010004875,-5.78,-10.986959,3.3,,5.3,28.090002,0.8855,0.78411025,0.006,3.6e-05,0.0
64,Canada,Newfoundland and Labrador,0.008017251,1,0,0.0,0.0,0,50120.195719999996,11.029552,3.063391,-0.8081092,,,-0.0020019768,-5.49,-10.979004,5.5,,4.7,22.089998,1.191,1.418481,0.0,0.0,0.0
65,Canada,Northwest Territories,0.025089132,0,0,0.0,0.0,1,94900.84732,11.667961,,,,,-0.011060924,-4.69,-10.267679,36.0,,-4.6,21.16,0.1645,0.02706025,0.242,0.058564,0.0
66,Canada,Nova Scotia,0.09995792,1,0,0.0,0.0,0,29664.134,10.505068,2.9338567,-0.942378,,,-0.0010004875,-5.72,-11.099989,3.2,,6.3,39.690002,1.2389000244140624,1.5348732,0.045,0.002025,0.0
67,Canada,Nunavut,0.004616622,0,0,0.0,0.0,1,41204.7012,10.833681,,,,,-0.1415636,-7.29,-9.74619,86.5,,-9.8,96.04,0.19830000305175782,0.03932289,0.0,0.0,0.0
68,Canada,Ontario,0.055601265,0,0,0.0,0.0,1,36897.3064,10.723268,2.8735647,-0.9880553,,,-0.021223664,-5.97,-11.321402,2.6,,9.2,84.64,0.7097999877929687,0.503816,0.105,0.011024999,0.0
69,Canada,Prince Edward Island,0.111256406,1,0,0.0,0.0,0,26941.5354,10.408798,2.7212954,-0.9696916,,,-0.0010004875,-5.79,-10.2055435,1.8,,5.3,28.090002,0.8804000244140625,0.7751042,0.0,0.0,0.0
70,Canada,Quebec,0.010203208,0,0,0.0,0.0,1,31679.66968,10.570804,3.152736,-0.9395593,,,-0.009040748,-6.02,-11.282214,1.5,,4.0,16.0,0.9237999877929688,0.8534064,0.07,0.0049,0.0
71,Canada,Saskatchewan,0.015884198,0,0,0.0,0.0,1,50924.78456,11.045479,2.9069011,-0.967584,,,-0.00300453,-5.33,-10.841388,12.1,,2.8,7.8399997,0.30439999389648437,0.092659354,0.571,0.32604098,1.0
72,Canada,Yukon,0.04556164,0,0,0.0,0.0,1,46584.88112,10.956405,,,,,-0.00300453,-5.33,-10.055393,20.1,,-0.7,0.48999998,0.16310000610351563,0.026601613,0.636,0.40449598,0.0
73,Chile,1,0.2865965,0,1,1.0,0.0,0,10705.609375,9.278523,1.5830939,-0.7133499,4.287716,7.6720595,-0.021223605,-6.0353327,-10.864035,11.45,,17.923077,321.23666,0.0012000000402331353,1.4400001e-06,0.0,0.0,0.0
74,Chile,10,1.53991,1,0,0.0,0.0,0,5906.3134765625,8.683777,1.9516082,-0.597837,,,-0.067208745,-5.310977,-10.779526,9.51,,10.115385,102.321014,3.6050000076293944,12.996025,0.0,0.0,0.0
75,Chile,11,-4.711765,0,0,0.0,0.0,1,8073.98681640625,8.996403,1.5475625,-0.5276328,,,-0.05762911,-5.827884,-10.157103,8.87,,8.138461,66.23455,2.411800033569336,5.8167796,0.302,0.091203995,0.0
76,Chile,12,-4.711765,0,0,0.0,0.0,1,12790.8564453125,9.456486,1.2947272,-0.597837,,,-0.017146118,-6.1380177,-10.789958,6.4,,5.923077,35.082844,0.7527999973297119,0.56670785,0.034,0.0011560001,0.0
77,Chile,2,-2.302585,0,0,0.0,0.0,1,19820.189453125,9.894456,1.1568812,-0.63487834,4.237001,8.1873,-0.011060924,-6.4344444,-11.02347,1.7,,16.423077,269.71744,0.003400000087916851,1.15600005e-05,0.275,0.075625,0.0
78,Chile,3,-2.013992,0,1,1.0,0.0,0,10184.6240234375,9.228635,2.0515563,-0.6931472,4.079231,7.0690236,-0.031490624,-6.174426,-10.434616,2.96,,15.2384615,232.21071,0.024000000059604645,0.000576,0.38,0.1444,0.0
79,Chile,4,-1.790302,0,1,1.0,0.0,0,5391.052734375,8.592496,1.7766458,-0.597837,,,-0.05445622,-5.596804,-10.810368,0.86,,13.584616,184.54178,0.15699999979138374,0.024649,0.028,0.00078400003,0.0
80,Chile,5,1.53991,1,0,0.0,0.0,0,7537.82568359375,8.927689,1.6409365,-0.63487834,,,-0.027371146,-5.976891,-11.207749,1.22,,14.015385,196.43102,0.7449999960958957,0.555025,0.166,0.027555998,0.0
81,Chile,6,1.53991,1,0,0.0,0.0,0,7134.974609375,8.872764,1.4562867,-0.63487834,,,-0.06613982,-5.825984,-10.894911,1.35,,12.707692,161.48544,2.213999982833862,4.901796,0.517,0.267289,0.0
82,Chile,7,1.53991,1,0,0.0,0.0,0,5285.33251953125,8.572691,1.8900954,-0.63487834,,,-0.08338159,-5.7249856,-10.844883,0.94,,14.615385,213.60948,1.3786000018119813,1.900538,0.105,0.011024999,0.0
83,Chile,8,1.53991,1,0,0.0,0.0,0,6448.06689453125,8.771536,2.0731719,-0.5276328,,,-0.060812157,-5.8738236,-11.223723,2.9,,12.16923,148.09016,2.220199977874756,4.929288,0.15,0.0225,0.0
84,Chile,9,1.53991,1,0,0.0,0.0,0,4154.25830078125,8.331889,2.4230313,-0.46203548,,,-0.07580173,-5.259616,-10.768637,23.46,,11.192307,125.267746,2.31480001449585,5.3582993,0.103,0.010609,0.0
85,Chile,RM,1.53991,1,0,0.0,0.0,0,10035.8291015625,9.213917,1.4060969,-0.5447272,,,-0.020202687,-6.6088367,-11.474817,3.16,,14.415384,207.8033,0.6249999990165234,0.390625,0.521,0.27144104,1.0
86,Colombia,Amazonas,-0.7174399,1,0,0.0,0.0,0,2367.513671875,7.7695956,,,,,,-5.6071277,-9.822413,30.434088,0.16873291,25.86,668.7396,3.3153999938964844,10.991878,0.083,0.0068889996,1.0
87,Colombia,Antioquia,2.068074,0,1,1.0,0.0,0,7460.80078125,8.9174185,2.9957323,-0.6539265,,,-0.07149601,-5.2142706,-12.423536,0.72589624,0.25826412,21.891666,479.24506,1.6729000091552735,2.7985945,2.184,4.769856,0.0
88,Colombia,Arauca,0.2623642,1,0,0.0,0.0,0,8773.9755859375,9.079545,,,,,,-4.798112,-11.163368,1.97088,0.18001652,26.808332,718.6867,1.798000020980835,3.232804,0.118,0.013924,1.0
89,Colombia,Atlántico,1.023031,1,0,0.0,0.0,0,5533.83837890625,8.618637,3.3357697,-0.6539265,,,-0.058688976,-4.6481194,-12.426061,0.31991076,0.059890717,27.41,751.3081,0.8144000160098076,0.6632474,0.032,0.0010240001,0.0
90,Colombia,Bolívar,1.439773,1,0,0.0,0.0,0,4756.53955078125,8.467276,3.462606,-0.597837,,,-0.13124831,-4.893719,-12.279122,1.9513146,1.755585,27.725,768.67566,0.7584000080823898,0.5751706,0.035,0.001225,0.0
91,Colombia,Caldas,2.218287,1,0,0.0,0.0,0,4955.91796875,8.508338,3.0301337,-0.6539265,,,-0.091019414,-5.1542516,-12.13526,2.099993,0.07811342,16.411112,269.3246,1.5332000198364257,2.3507023,1.999,3.9960008,1.0
92,Colombia,Caquetá,0.1091682,0,0,0.0,0.0,1,4485.6865234375,8.408647,3.356897,-0.79850775,,,-0.09761282,-4.496585,-11.802205,1.7494524,0.0873494,25.27,638.57294,3.691500045776367,13.627172,0.561,0.314721,1.0
93,Colombia,Casanare,0.2623642,1,0,0.0,0.0,0,22314.580078125,10.012996,,,,,,-4.773222,-11.298741,0.69083154,0.029850746,26.154545,684.06024,2.2892999954223634,5.2408943,0.113,0.012769,1.0
94,Colombia,Cauca,1.955179,0,1,1.0,0.0,0,3374.01708984375,8.123859,3.6813512,-0.5108256,,,-0.14502576,-4.8846593,-12.320535,22.042484,9.101018,18.97,359.86087,2.127199993133545,4.5249796,0.645,0.41602498,0.0
95,Colombia,Cesar,1.232201,1,0,0.0,0.0,0,4592.244140625,8.432124,2.7972813,-0.5276328,,,-0.1415636,-5.0379243,-12.082168,1.5689251,0.001093328,28.98182,839.94586,0.9683999829292297,0.9377985,0.151,0.022800999,1.0
96,Colombia,Chocó,-0.3172328,0,1,1.0,0.0,0,2585.33447265625,7.85761,3.8586223,-0.5276328,,,-0.2256467,-4.7991314,-12.0076885,73.19548,65.66301,26.41,697.4881,8.130499908447266,66.10503,0.07,0.0049,0.0
97,Colombia,Cundinamarca,2.361433,1,0,0.0,0.0,0,6270.88525390625,8.743672,3.3357697,-0.6931472,,,-0.07904318,-5.0053043,-12.400292,0.09252017,0.013607483,13.3125,177.22266,0.7937000026702881,0.6299597,0.024,0.000576,1.0
98,Colombia,Córdoba,1.023031,1,0,0.0,0.0,0,4549.3017578125,8.4227295,3.6027768,-0.56211895,,,-0.18152189,-5.0058565,-12.211162,2.396147,0.09167442,28.311111,801.51904,1.2301000010967256,1.513146,2.619,6.859161,0.0
99,Colombia,Guainía,0.2623642,0,0,0.0,0.0,1,2604.6103515625,7.8650384,,,,,,-5.6276274,-9.312897,34.21846,0.3516578,26.266666,689.93774,3.0915000228881837,9.557372,0.082,0.0067240004,1.0
100,Colombia,Guaviare,-0.7174399,0,0,0.0,0.0,1,5064.63916015625,8.530038,,,,,,-4.951499,-10.465614,4.9412184,0.33455622,25.65,657.9225,2.5047000007629396,6.273522,0.301,0.090601,1.0
101,Colombia,Huila,1.46424,1,0,0.0,0.0,0,5180.96240234375,8.552746,3.2884018,-0.67334455,,,-0.08555791,-4.8614697,-12.121632,0.22112375,0.011199156,27.790909,772.3346,1.340099988937378,1.795868,0.506,0.25603598,1.0
102,Colombia,La Guajira,1.023031,1,0,0.0,0.0,0,6716.099609375,8.812263,3.1612468,-0.7339692,,,-0.11991027,-5.187546,-12.041284,23.646616,0.25569928,28.245455,797.8057,0.5460000022053718,0.298116,0.005,2.5e-05,0.0
103,Colombia,Magdalena,1.097722,1,0,0.0,0.0,0,3286.1220703125,8.097464,2.9123507,-0.7133499,,,-0.11204951,-4.8862476,-12.021979,0.6225151,0.055316802,28.091667,789.1418,0.4993000016212463,0.2493005,0.009,8.099999e-05,0.0
104,Colombia,Meta,0.6348557,1,0,0.0,0.0,0,7451.189453125,8.916129,2.862201,-0.7133499,,,-0.088831194,-5.0588913,-12.103364,1.1941028,0.0716006,25.25,637.5625,4.358700019836426,18.998266,0.5,0.25,1.0
105,Colombia,Norte de Santander,2.567638,1,0,0.0,0.0,0,3656.013916015625,8.204128,3.0056827,-0.7133499,,,-0.10425,-5.0531306,-12.270389,0.22716635,0.020541178,27.136364,736.38226,0.863300006866455,0.7452869,0.313,0.097968996,1.0
106,Colombia,Quindío,2.218287,1,0,0.0,0.0,0,4654.28515625,8.445543,2.442347,-0.6539265,,,-0.08992474,-6.4487495,-11.778939,0.1573444,0.033992905,22.00909,484.40005,2.1190999908447266,4.490585,1.32,1.7424002,1.0
107,Colombia,Risaralda,2.218287,1,0,0.0,0.0,0,4620.09228515625,8.43817,3.1441524,-0.7133499,,,-0.070422485,-5.2614646,-12.13612,1.091135,0.2607369,21.25,451.5625,2.258200004577637,5.0994673,1.444,2.085136,1.0
108,Colombia,"San Andrés, Providencia y Santa Catalina",2.559311,1,0,0.0,0.0,0,10771.6748046875,9.284676,,,,,,-5.6910343,,15.868451,0.95356137,27.42,751.8564,1.899799991607666,3.60924,0.0,0.0,0.0
109,Colombia,"Santafé de Bogotá, D. C.",2.361433,1,0,0.0,0.0,0,8879.7666015625,9.091531,2.7013612,-0.5798185,,,-0.024292681,-5.98191,-12.670323,0.17558587,0.032337986,13.3125,177.22266,0.7937000026702881,0.6299597,2.433,5.9194894,1.0
110,Colombia,Santander,2.195768,0,1,0.0,1.0,0,7908.20703125,8.9756565,3.1398327,-0.5798185,,,-0.1086994,-4.997872,-12.3152,0.08164035,0.005657144,21.190908,449.0546,1.1569999923706056,1.338649,1.009,1.0180808,1.0
111,Colombia,Sucre,1.023031,1,0,0.0,0.0,0,2807.329345703125,7.939989,3.2809112,-0.63487834,,,-0.16841862,-5.099516,-12.123751,1.8443341,0.07522035,27.175,738.4806,1.116099988937378,1.2456791,0.218,0.047523998,0.0
112,Colombia,Tolima,1.46424,0,1,0.0,1.0,0,5598.2275390625,8.630205,3.4339871,-0.67334455,,,-0.113168694,-5.110693,-12.128287,1.1411899,0.04185712,24.157143,583.56757,1.6792000045776367,2.8197126,1.081,1.168561,1.0
113,Colombia,Valle del Cauca,2.218287,0,1,1.0,0.0,0,7394.36572265625,8.908474,2.76001,-0.6539265,,,-0.046043955,-5.328756,-12.400595,0.38717735,0.08498359,23.718182,562.5521,0.9085,0.8253723,0.757,0.57304907,0.0
114,Colombia,Vaupés,-0.7174399,1,0,0.0,0.0,0,4811.291015625,8.478721,,,,,,-4.566998,-9.2445965,63.34569,0.28306025,25.99091,675.5274,3.3556000366210936,11.260052,0.183,0.033489,1.0
115,Colombia,Vichada,0.2623642,1,0,0.0,0.0,0,2643.075439453125,7.8796983,,,,,,-4.7672305,-9.281684,29.621456,0.07691279,28.045454,786.5475,2.184599967956543,4.772477,0.545,0.29702502,1.0
116,Ecuador,AZUAY,2.08,1,0,0.0,0.0,0,3930.7099609375,8.28,4.1573195,-0.9038682,,,-0.1086994,-4.901408,-11.341149,2.5,1.2,16.0,256.0,0.6700000166893005,0.4489,2.45,6.0025,1.0
117,Ecuador,BOLIVAR,2.49,1,0,0.0,0.0,0,1529.1500244140625,7.33,4.1573195,-0.86275,,,-0.2057949,-4.2971315,-10.945609,4.8,1.3,23.5,552.25,1.0199999809265137,1.0403999,2.738,7.4966435,1.0
118,Ecuador,CARCHI,2.04,1,0,0.0,0.0,0,2199.719970703125,7.7,4.1573195,-1.0384583,,,-0.07796153,-4.4991965,-10.762329,4.1,1.4,12.0,144.0,0.9599999785423279,0.9216,2.947,8.684809,1.0
119,Ecuador,CAÑAR,2.29,0,1,1.0,0.0,0,2472.679931640625,7.81,4.1573195,-1.0788096,,,-0.14271632,-4.5895796,-11.052009,0.5,5.4,10.0,100.0,0.4699999988079071,0.2209,2.883,8.311688,1.0
120,Ecuador,CHIMBORAZO,2.17,1,0,0.0,0.0,0,1610.1400146484375,7.38,4.1573195,-0.8486321,,,-0.2382572,-4.5472875,-11.3281765,18.5,0.7,13.0,169.0,2.0399999618530273,4.1615996,2.756,7.595536,1.0
121,Ecuador,COTOPAXI,2.29,1,0,0.0,0.0,0,2772.27001953125,7.93,4.1573195,-0.8556661,,,-0.2357223,-4.6213064,-11.0966625,10.1,0.9,14.5,210.25,0.5299999713897705,0.28089997,2.769,7.6673613,1.0
122,Ecuador,EL ORO,0.69,0,1,1.0,0.0,0,2452.199951171875,7.8,4.091006,-1.105637,,,-0.051293306,-4.886981,-11.899476,0.7,5.4,23.0,529.0,1.8799999952316284,3.5344,0.016,0.00025600003,0.0
123,Ecuador,ESMERALDAS,0.0,1,0,0.0,0.0,0,3800.7900390625,8.24,4.091006,-1.0384583,2.954,7.626,-0.08992474,-4.5139046,-11.526241,1.3,39.9,23.5,552.25,0.6899999976158142,0.4761,0.0,0.0,0.0
124,Ecuador,GALAPAGOS,-4.61,0,0,0.0,0.0,1,10912.8896484375,9.3,4.1573195,-0.52087593,,,,-4.738493,-8.139003,0.1,4.2,24.6,605.16003,0.019999999552965164,0.0004,0.118,0.013924,1.0
125,Ecuador,GUAYAS,0.69,1,0,0.0,0.0,0,3043.35009765625,8.02,4.091006,-1.0729445,3.04,8.43,-0.04709161,-5.0759525,-12.058579,5.1,6.6,25.0,625.0,2.880000114440918,8.2944,0.046,0.002116,0.0
126,Ecuador,IMBABURA,2.49,1,0,0.0,0.0,0,2021.5999755859375,7.61,4.1573195,-0.9571127,,,-0.17554459,-4.9186387,-11.104065,10.5,4.8,18.0,324.0,0.8299999833106995,0.6889,2.391,5.7168813,1.0
127,Ecuador,LOJA,2.29,0,1,1.0,0.0,0,1848.72998046875,7.52,4.1573195,-0.87707,,,-0.09211529,-4.0617337,-11.328402,1.5,0.8,16.0,256.0,0.8799999952316284,0.7744,2.123,4.5071287,1.0
128,Ecuador,LOS RIOS,1.39,0,1,0.0,1.0,0,1940.9300537109375,7.57,4.091006,-1.0758728,,,-0.12556326,-4.70172,-11.3699875,0.7,4.2,22.5,506.25,1.0199999809265137,1.0403999,0.056,0.0031360001,1.0
129,Ecuador,MANABI,0.0,0,1,0.0,1.0,0,1906.8900146484375,7.55,4.091006,-0.9728611,,,-0.1381133,-4.4010334,-11.906665,0.8,2.5,25.0,625.0,2.880000114440918,8.2944,0.117,0.013688999,0.0
130,Ecuador,MORONA SANTIAGO,2.29,0,1,1.0,0.0,0,1457.739990234375,7.28,4.215086,-1.1457039,,,-0.07796153,-3.817823,-10.180892,5.7,0.7,21.0,441.0,4.519999980926514,20.430399,1.214,1.473796,1.0
131,Ecuador,NAPO,1.66,1,0,0.0,0.0,0,1582.0,7.37,4.215086,-1.1457039,,,-0.07796153,-4.2374454,-10.319893,5.2,1.4,18.8,353.43997,3.700000047683716,13.690001,0.598,0.357604,1.0
132,Ecuador,ORELLANA,-0.36,1,0,0.0,0.0,0,26573.69921875,10.19,4.215086,-1.1457039,,,-0.07796153,-4.0115347,-10.270818,3.2,3.5,25.0,625.0,4.519999980926514,20.430399,0.297,0.088208996,1.0
133,Ecuador,PASTAZA,-0.36,1,0,0.0,0.0,0,9906.2900390625,9.2,4.215086,-1.1457039,,,-0.07796153,-4.093513,-9.516979,2.8,1.1,20.7,428.49002,4.519999980926514,20.430399,0.98,0.96040004,1.0
134,Ecuador,PICHINCHA,2.29,1,0,0.0,0.0,0,3623.18994140625,8.2,4.1573195,-0.9969586,2.978,6.441,-0.05234648,-5.041681,-11.982994,11.5,3.3,18.5,342.25,3.3399999141693115,11.1556,2.763,7.634169,1.0
135,Ecuador,SUCUMBIOS,-1.2,1,0,0.0,0.0,0,20891.619140625,9.95,4.215086,-1.1457039,,,-0.07796153,-4.1195483,-10.072069,1.6,5.2,23.0,529.0,4.519999980926514,20.430399,0.405,0.164025,1.0
136,Ecuador,TUNGURAHUA,2.39,0,1,1.0,0.0,0,2754.510009765625,7.92,4.1573195,-0.9288695,,,-0.10981484,-4.966322,-11.420985,7.8,1.2,14.0,196.0,3.2799999713897705,10.7584,2.458,6.041764,1.0
137,Ecuador,ZAMORA CHINCHIPE,-0.05,0,1,1.0,0.0,0,2042.25,7.62,4.215086,-1.1457039,,,-0.07796153,-3.9962797,-9.793282,1.1,0.8,18.0,324.0,4.110000133514404,16.892101,0.983,0.966289,1.0
138,El Salvador,Ahuachapán,3.16,1,0,0.0,0.0,0,2242.0,7.72,4.1926804,-0.6931472,,,-0.34249026,-5.522304,-10.802428,,,23.5,552.25,1.75,3.0625,0.799,0.63840103,0.0
139,El Salvador,Cabañas,2.98,1,0,0.0,0.0,0,2191.0,7.69,4.2499228,-0.597837,,,-0.41551548,-5.261184,-10.142845,,,23.5,552.25,1.7000000476837158,2.89,0.725,0.52562505,1.0
140,El Salvador,Chalatenango,2.98,1,0,0.0,0.0,0,2578.0,7.85,4.085976,-0.67334455,,,-0.30110508,-5.1106567,-10.466829,,,26.75,715.5625,1.6299999952316284,2.6569,0.396,0.156816,1.0
141,El Salvador,Cuscatlán,3.16,1,0,0.0,0.0,0,3335.0,8.11,3.6686769,-0.67334455,,,-0.17435335,-5.6641498,-10.474937,,,22.5,506.25,1.5499999523162842,2.4025,0.853,0.727609,1.0
142,El Salvador,La Libertad,3.16,1,0,0.0,0.0,0,5121.0,8.54,3.4468079,-0.7133499,,,-0.1863296,-5.675312,-11.051753,,,21.0,441.0,1.8799999952316284,3.5344,0.9,0.80999994,0.0
143,El Salvador,La Paz,3.32,1,0,0.0,0.0,0,3020.0,8.01,3.8979242,-0.7550226,,,-0.2613648,-5.5914164,-10.818304,,,26.5,702.25,1.590000033378601,2.5281,0.149,0.022201002,0.0
144,El Salvador,San Miguel,3.16,1,0,0.0,0.0,0,3526.0,8.17,3.9608133,-0.6931472,,,-0.27443686,-5.4920597,-10.707545,,,27.1,734.41003,1.409999966621399,1.9880999,0.129,0.016640998,0.0
145,El Salvador,San Salvador,3.67,1,0,0.0,0.0,0,5954.0,8.69,3.421,-0.7765288,,,-0.094310716,-5.9227457,-10.932908,,,24.5,600.25,1.5800000429153442,2.4964,0.658,0.432964,1.0
146,El Salvador,San Vicente,2.98,1,0,0.0,0.0,0,2671.0,7.89,4.0993323,-0.6931472,,,-0.30110508,-5.3714128,-10.185856,,,26.3,691.68994,1.4299999475479126,2.0449,0.573,0.32832903,1.0
147,El Salvador,Santa Ana,3.32,1,0,0.0,0.0,0,3356.0,8.12,3.914021,-0.7550226,,,-0.2484614,-5.539134,-10.764678,,,22.5,506.25,1.100000023841858,1.21,0.644,0.414736,1.0
148,El Salvador,Sonsonate,3.32,1,0,0.0,0.0,0,3252.0,8.09,3.9454577,-0.67334455,,,-0.30110508,-5.753923,-10.940973,,,26.5,702.25,1.940000057220459,3.7636,0.246,0.060516004,0.0
149,El Salvador,Usulután,3.32,1,0,0.0,0.0,0,2789.0,7.93,4.028917,-0.67334455,,,-0.37106368,-5.4562016,-10.705366,,,23.5,552.25,1.9500000476837158,3.8025002,0.091,0.008281,0.0
150,Guatemala,Central,3.27,1,0,0.0,0.0,0,3600.0,8.19,3.9010918,-0.77002823,,,-0.19358476,-5.2296386,-11.387354,40.18404,,20.85,434.7225,1.9800000190734863,3.9204001,1.236,1.5276959,0.0
151,Guatemala,Metropolitana,3.37,1,0,0.0,0.0,0,8400.0,9.04,2.6532419,-0.6424541,,,-0.10425,-3.6942897,-11.5545845,13.5,,20.4,416.15997,1.2200000286102295,1.4884001,1.529,2.337841,1.0
152,Guatemala,Noroccidente,3.37,1,0,0.0,0.0,0,2200.0,7.7,4.266296,-0.6911492,,,-0.6217572,-4.0935946,-11.482421,68.16512,,17.58,309.0564,1.3300000429153442,1.7689002,2.084,4.3430567,1.0
153,Guatemala,Nororiente,2.85,1,0,0.0,0.0,0,3700.0,8.22,3.8925226,-0.76142603,,,-0.3271162,-4.3392205,-11.224708,13.312515,,24.86,618.01965,1.3899999856948853,1.9320999,0.32,0.1024,0.0
154,Guatemala,Norte,3.09,1,0,0.0,0.0,0,2100.0,7.65,4.402765,-0.70319754,,,-0.586987,-4.5716434,-11.507021,85.24009,,23.65,559.3225,1.899999976158142,3.61,1.242,1.5425639,1.0
155,Guatemala,Petén,1.73,1,0,0.0,0.0,0,2900.0,7.97,4.1367655,-0.6597124,,,-0.28369004,-4.399861,-11.630193,30.9,,25.31,640.59607,2.200000047683716,4.84,0.113,0.012769,1.0
156,Guatemala,Suroccidente,3.31,1,0,0.0,0.0,0,3000.0,8.01,4.2508535,-0.6871651,,,-0.3467246,-4.0739264,-11.52637,54.087605,,22.0,484.0,2.240000009536743,5.0176,1.482,2.1963239,0.0
157,Guatemala,Suroriente,3.29,1,0,0.0,0.0,0,2600.0,7.86,4.2007356,-0.7174399,,,-0.2613648,-3.9601474,-11.331028,7.371791,,22.85,522.1225,1.2100000381469727,1.4641001,1.035,1.0712249,0.0
158,Honduras,Atlantida,2.1,0,1,1.0,0.0,0,2430.10009765625,7.8,2.9549103,,,,-0.23698892,-4.944482,-10.303693,,,26.4,696.95996,2.950000047683716,8.7025,0.007,4.9000002e-05,0.0
159,Honduras,Choluteca,2.87,1,0,0.0,0.0,0,1998.699951171875,7.6,3.2108436,,,,-0.35953617,-4.5589066,-10.399145,,,29.0,841.0,1.8200000524520874,3.3124,0.04,0.0016,0.0
160,Honduras,Colón,0.0,0,1,1.0,0.0,0,2047.300048828125,7.62,3.1863527,,,,-0.34531116,-4.902339,-10.529941,,,26.3,691.68994,3.0199999809265137,9.120399,0.0,0.0,0.0
161,Honduras,Comayagua,2.1,1,0,0.0,0.0,0,2107.5,7.65,3.1000922,,,,-0.32989395,-4.572329,-10.441896,,,22.5,506.25,1.5,2.25,0.593,0.351649,1.0
162,Honduras,Copán,2.1,1,0,0.0,0.0,0,1844.0,7.52,3.4177268,,,,-0.5058381,-4.4840546,-10.352992,,,20.5,420.25,1.6399999856948853,2.6896,1.168,1.364224,1.0
163,Honduras,Cortés,2.1,1,0,0.0,0.0,0,2578.699951171875,7.86,2.939162,,,,-0.2471801,-5.183389,-10.408454,,,26.3,691.68994,1.2200000286102295,1.4884001,0.083,0.0068889996,0.0
164,Honduras,El paraíso,2.24,0,1,1.0,0.0,0,1919.5,7.56,3.339322,,,,-0.4652151,-4.355023,-10.65449,,,21.7,470.89005,0.8899999856948853,0.79209995,1.007,1.0140489,1.0
165,Honduras,Francisco Morazán,2.1,0,1,1.0,0.0,0,2920.199951171875,7.98,2.7146947,,,,-0.16134314,-5.1134825,-10.491605,,,21.7,470.89005,0.8899999856948853,0.79209995,0.98,0.96040004,1.0
166,Honduras,Gracias a Dios,0.0,0,1,1.0,0.0,0,2175.39990234375,7.68,,,,,-0.41703168,-4.75038,-10.462246,,,27.3,745.29,3.180000066757202,10.1124,0.0,0.0,0.0
167,Honduras,Intibucá,2.1,1,0,0.0,0.0,0,1860.0,7.53,3.468856,,,,-0.5225609,-4.2508945,-10.634901,,,18.2,331.24002,1.340000033378601,1.7956,1.72,2.9584,1.0
168,Honduras,Isla de la Bahía,2.1,1,0,0.0,0.0,0,2569.89990234375,7.85,,,,,-0.07472357,-4.8000693,-10.001612,,,28.1,789.61005,1.9199999570846558,3.6864,0.0,0.0,1.0
169,Honduras,La Paz,2.1,1,0,0.0,0.0,0,1984.5,7.59,3.269569,,,,-0.38860804,-4.3692665,-10.471893,,,18.2,331.24002,1.340000033378601,1.7956,0.687,0.47196898,1.0
170,Honduras,Lempira,2.1,1,0,0.0,0.0,0,1715.800048828125,7.45,3.6000483,,,,-0.67924434,-4.123574,-10.474778,,,18.2,331.24002,1.340000033378601,1.7956,0.802,0.643204,1.0
171,Honduras,Ocotepeque,2.1,1,0,0.0,0.0,0,1850.800048828125,7.52,3.468856,,,,-0.57625335,-4.1239543,-10.522396,,,24.2,585.64,1.3700000047683716,1.8769,0.819,0.670761,1.0
172,Honduras,Olancho,0.0,0,1,1.0,0.0,0,1951.0999755859375,7.58,3.273364,,,,-0.44941697,-4.343679,-10.610298,,,25.1,630.01,1.350000023841858,1.8225001,0.41,0.1681,1.0
173,Honduras,Santa Bárbara,2.1,1,0,0.0,0.0,0,1921.5999755859375,7.56,3.6454499,,,,-0.7550225,-4.3724356,-10.3412695,,,22.1,488.41,1.190000057220459,1.4161001,0.312,0.097344,1.0
174,Honduras,Valle,2.87,1,0,0.0,0.0,0,2007.699951171875,7.6,3.3286266,,,,-0.4277107,-4.468524,-10.3086605,,,18.2,331.24002,1.340000033378601,1.7956,0.028,0.00078400003,0.0
175,Honduras,Yoro,2.1,0,1,1.0,0.0,0,2060.800048828125,7.63,3.068053,,,,-0.28369004,-4.795443,-10.520198,,,24.3,590.49,1.0800000429153442,1.1664001,0.66,0.43560004,1.0
176,Mexico,Aguascalientes,2.656358,1,0,0.0,0.0,0,11558.095703125,9.355142,2.5952547,-0.699642,4.225373,8.039157,-0.050169982,-5.674667,-11.996222,0.09732497,,18.3,334.88998,0.45610000610351564,0.20802721,1.878,3.526884,1.0
177,Mexico,Baja California,-0.8983177,0,0,0.0,0.0,1,12867.705078125,9.462476,1.3609766,-0.7703533,,,-0.037873704,-5.9224095,-12.23212,1.2423357,,22.3,497.28998,0.20510000610351561,0.04206601,0.001,1.0000001e-06,0.0
178,Mexico,Baja California Sur,-0.8983177,1,0,0.0,0.0,0,11250.7294921875,9.328188,1.7917595,-0.86382663,,,-0.044053394,-5.4776573,-11.561987,1.0457028,,23.6,556.96,0.1755,0.03080025,0.05,0.0025000002,0.0
179,Mexico,Campeche,1.746758,1,0,0.0,0.0,0,15258.212890625,9.632874,3.5496173,-0.58416235,4.1447206,7.304852,-0.1263644,-5.3322253,-12.034501,15.911901,,26.4,696.95996,1.102699951171875,1.2159472,0.009,8.099999e-05,0.0
180,Mexico,Chiapas,0.8910916,1,0,0.0,0.0,0,3664.332763671875,8.206402,3.8774316,-0.5392105,4.0724397,7.0255384,-0.2618367,-4.975522,-11.943487,25.076546,,24.5,600.25,1.9824000244140625,3.92991,0.559,0.31248102,0.0
181,Mexico,Chihuahua,-0.9062859,0,1,1.0,0.0,0,13247.0166015625,9.491528,1.8405497,-0.72889274,,,-0.05005762,-5.4484024,-12.139948,2.7682137,,18.4,338.56,0.42870001220703124,0.1837837,1.433,2.053489,1.0
182,Mexico,Coahuila de Zaragoza,0.8531383,1,0,0.0,0.0,0,11986.8818359375,9.391568,2.3978953,-0.73330104,,,-0.040544458,-5.6648235,-12.084917,0.10638392,,18.4,338.56,0.31079998779296875,0.096596636,1.631,2.660161,1.0
183,Mexico,Colima,0.9812698,1,0,0.0,0.0,0,8885.4736328125,9.092173,2.867899,-0.747073,,,-0.07527417,-5.45807,-11.8960905,0.36941803,,24.5,600.25,0.8952999877929687,0.8015621,0.488,0.23814401,0.0
184,Mexico,Distrito Federal,5.972121,1,0,0.0,0.0,0,23068.822265625,10.046237,1.7404661,-0.5854784,4.208417,7.813996,-0.030776914,-6.0781493,-12.187567,1.3120229,,15.6,243.36002,0.705,0.497025,2.216,4.9106565,1.0
185,Mexico,Durango,0.9812698,1,0,0.0,0.0,0,7319.62158203125,8.8983135,3.1904764,-0.6679901,,,-0.056299493,-4.976226,-11.966816,1.6182376,,17.8,316.83997,0.5275,0.27825624,1.892,3.5796638,1.0
186,Mexico,Guanajuato,2.656358,0,1,1.0,0.0,0,6483.7900390625,8.7770605,3.11795,-0.66002023,4.225373,8.039157,-0.12870196,-5.516246,-12.00204,0.123469144,,17.9,320.40997,0.5974000244140625,0.35688677,2.108,4.443664,1.0
187,Mexico,Guerrero,2.656358,0,1,1.0,0.0,0,4922.8115234375,8.501636,3.795489,-0.56081307,4.189655,6.672033,-0.24391346,-5.1902328,-11.890262,12.705522,,21.2,449.44003,1.1405,1.3007402,1.261,1.5901212,0.0
188,Mexico,Hidalgo,3.489585,0,1,1.0,0.0,0,5142.3603515625,8.545267,3.465736,-0.53691965,4.225373,8.039157,-0.16224483,-5.1762924,-12.02256,17.682896,,14.2,201.64,0.835,0.697225,2.396,5.7408156,1.0
189,Mexico,Jalisco,2.656358,1,0,0.0,0.0,0,8990.4501953125,9.103918,3.0155349,-0.71642214,,,-0.06751262,-5.5937595,-12.081607,0.4158223,,19.4,376.36,0.8515999755859375,0.7252225,1.552,2.408704,0.0
190,Mexico,Michoacan de Ocampo,2.656358,1,0,0.0,0.0,0,4925.0126953125,8.502082,3.2308044,-0.61395675,,,-0.15075128,-5.2777925,-12.0001,3.202109,,17.8,316.83997,0.8264000244140625,0.682937,2.68,7.1824,0.0
191,Mexico,Morelos,5.351318,0,1,0.0,1.0,0,7567.17919921875,8.931576,3.0106208,-0.73540854,4.225373,8.039157,-0.0978865,-5.8040533,-12.302372,1.9734848,,21.1,445.21002,0.8667999877929687,0.75134224,2.002,4.008004,1.0
192,Mexico,México,3.696366,1,0,0.0,0.0,0,6797.59912109375,8.824325,3.2148678,-0.75219357,4.208417,7.813996,-0.06683124,-5.9414973,-12.132225,3.0118473,,12.2,148.84,0.9332000122070313,0.87086225,1.483,2.199289,1.0
193,Mexico,Nayarit,2.656358,1,0,0.0,0.0,0,5072.6552734375,8.53162,3.1780539,-0.68276155,,,-0.09555887,-5.2007065,-12.063915,4.1078196,,20.6,424.36002,1.0455,1.0930703,0.965,0.93122494,0.0
194,Mexico,Nuevo León,0.8910916,1,0,0.0,0.0,0,16287.8896484375,9.698177,1.7749524,-0.66988766,,,-0.034820676,-5.7853036,-12.188295,0.23525764,,22.2,492.84003,0.602,0.362404,0.56,0.3136,1.0
195,Mexico,Oaxaca,2.656358,1,0,0.0,0.0,0,3801.59716796875,8.243176,3.875359,-0.52251786,,,-0.24302512,-5.1481423,-11.939344,36.5513,,20.2,408.04004,1.503,2.259009,1.55,2.4025,0.0
196,Mexico,Puebla,3.229652,1,0,0.0,0.0,0,6532.3642578125,8.784524,3.5807374,-0.6035714,4.189655,6.672033,-0.15871936,-5.5456996,-11.982292,13.045136,,16.6,275.56,1.1934000244140626,1.4242036,2.174,4.726276,1.0
197,Mexico,Querétaro de Arteaga,2.656358,1,0,0.0,0.0,0,10878.595703125,9.294553,3.1354942,-0.65203595,4.225373,8.039157,-0.10386175,-5.5673175,-12.056142,1.9050174,,19.0,361.0,0.5755,0.33120024,1.825,3.330625,1.0
198,Mexico,Quintana Roo,1.746758,0,0,0.0,0.0,1,14110.1826171875,9.554652,3.0726933,-0.6613633,4.169761,7.1758723,-0.07896939,-5.615714,-12.111023,26.078505,,26.4,696.95996,1.2515999755859375,1.5665025,0.0,0.0,0.0
199,Mexico,San Luis Potosí,2.656358,0,1,1.0,0.0,0,6600.73193359375,8.794936,3.4468079,-0.5711393,,,-0.12065813,-5.0459967,-12.032786,11.159283,,16.5,272.25,0.9845999755859375,0.9694371,1.892,3.5796638,1.0
200,Mexico,Sinaloa,0.9812698,1,0,0.0,0.0,0,6735.96337890625,8.815216,3.068053,-0.733521,,,-0.08380714,-5.3510904,-12.050541,1.1618583,,25.3,640.08997,0.8052000122070313,0.6483471,0.07,0.0049,0.0
201,Mexico,Sonora,0.9812698,0,1,1.0,0.0,0,10636.45703125,9.272042,2.862201,-0.73314077,,,-0.046082776,-5.5658298,-12.070998,2.6165826,,24.8,615.04,0.4361000061035156,0.19018322,0.197,0.038808998,0.0
202,Mexico,Tabasco,3.444488,1,0,0.0,0.0,0,5637.0830078125,8.637122,3.342862,-0.6469723,,,-0.10299201,-5.4318914,-11.97952,3.358652,,28.1,789.61005,2.432699951171875,5.918029,0.008,6.400001e-05,0.0
203,Mexico,Tamaulipas,2.742218,1,0,0.0,0.0,0,9917.1630859375,9.202023,2.7536607,-0.72436917,,,-0.053435154,-5.544776,-12.160953,0.44908223,,23.8,566.43994,0.7729000244140625,0.59737444,0.297,0.088208996,0.0
204,Mexico,Tlaxcala,4.375895,1,0,0.0,0.0,0,4873.2099609375,8.4915085,3.273364,-0.65622413,4.225373,8.039157,-0.08186548,-5.708791,-12.020844,3.462986,,16.4,268.96,0.6930999755859375,0.48038757,2.249,5.0580015,1.0
205,Mexico,Veracruz de Ignacio de la Llave,2.656358,0,1,0.0,1.0,0,5077.40087890625,8.532555,3.6296601,-0.5613297,4.189655,6.672033,-0.16173874,-5.173636,-12.043583,9.929832,,18.1,327.61002,1.4595,2.1301403,1.381,1.9071611,0.0
206,Mexico,Yucatán,1.746758,1,0,0.0,0.0,0,7387.70703125,8.907573,3.5438535,-0.65236974,4.122284,7.1035275,-0.1324465,-5.556039,-12.05026,39.676918,,25.9,670.81,1.1184000244140626,1.2508186,0.01,1e-04,0.0
207,Mexico,Zacatecas,2.656358,0,1,1.0,0.0,0,4687.755859375,8.452709,3.254243,-0.5348337,,,-0.08382088,-4.970046,-11.924972,0.10752496,,13.5,182.25,0.52,0.2704,2.543,6.466849,1.0
208,Panama,Bocas del Toro,-2.9,1,0,0.0,0.0,0,2624.199951171875,7.87,4.0976725,,,,-0.18512551,,-9.766158,,,26.47,700.6609,0.27000001072883606,0.072900005,0.0,0.0,0.0
209,Panama,Chiriqui,3.07,1,0,0.0,0.0,0,3442.81005859375,8.14,3.552487,,,,-0.08012607,,-9.924849,,,27.04,731.1616,0.2199999988079071,0.0484,0.055,0.003025,0.0
210,Panama,Coclé,3.21,1,0,0.0,0.0,0,1804.68994140625,7.5,4.0587173,,,,-0.062939785,,-9.929555,,,27.74,769.50757,0.12999999523162842,0.0169,0.07,0.0049,0.0
211,Panama,Colón,-2.3,1,0,0.0,0.0,0,12696.0302734375,9.45,3.7565382,,,,-0.038740814,,-9.930412,,,26.96,726.84155,0.3199999928474426,0.1024,0.002,4.0000004e-06,0.0
212,Panama,Darién,3.07,1,0,0.0,0.0,0,1828.800048828125,7.51,4.2165623,,,,-0.23952703,,-9.004852,,,27.15,737.1225,0.10999999940395355,0.0121,0.004,1.6000002e-05,0.0
213,Panama,Herrera,2.74,0,0,0.0,0.0,1,3175.169921875,8.06,3.3911471,,,,-0.10981484,,-9.984914,,,27.5,756.25,0.14000000059604645,0.0196,0.024,0.000576,0.0
214,Panama,Los Santos,2.51,0,0,0.0,0.0,1,3267.340087890625,8.09,3.2846637,,,,-0.11428913,,-9.8526325,,,27.71,767.84406,0.09000000357627869,0.0081,0.042,0.0017639999,0.0
215,Panama,Panamá,2.23,1,0,0.0,0.0,0,8180.7998046875,9.01,3.025291,,,,-0.027371207,,-10.076439,,,26.93,725.2249,0.1599999964237213,0.0256,0.0,0.0,0.0
216,Panama,Veraguas,2.74,1,0,0.0,0.0,0,2001.010009765625,7.6,3.9702919,,,,-0.16487466,,-9.900743,,,27.07,732.7849,0.20000000298023224,0.040000003,0.087,0.0075689997,0.0
217,Paraguay,Alto Paraguay,-0.03,1,0,0.0,0.0,0,5173.18994140625,8.55,3.7977338,,,,,-4.2586474,-8.568457,,,26.0,676.0,1.0299999713897705,1.0609,0.064,0.0040960005,1.0
218,Paraguay,Alto Paraná,-0.69,1,0,0.0,0.0,0,5612.77978515625,8.63,3.269569,,,,,-5.032738,-9.995687,,,20.0,400.0,1.850000023841858,3.4225001,0.189,0.035720997,1.0
219,Paraguay,Amambay,0.26,0,0,0.0,0.0,1,4402.1298828125,8.39,3.673766,,,,,-4.8093557,-9.79001,,,21.0,441.0,1.7300000190734863,2.9929001,0.607,0.368449,1.0
220,Paraguay,Asuncion*,0.26,1,0,0.0,0.0,0,7687.259765625,8.95,2.5726123,,,,,-5.457216,-9.963428,,,21.0,441.0,1.409999966621399,1.9880999,0.054,0.002916,1.0
221,Paraguay,Boquerón,-0.46,0,0,0.0,0.0,1,6419.06982421875,8.77,3.4934726,,,,,-4.47573,-9.025816,,,25.0,625.0,0.7400000095367432,0.54760003,0.128,0.016384002,1.0
222,Paraguay,Caaguazú,0.0,0,1,1.0,0.0,0,2994.070068359375,8.0,4.104295,,,,,-4.818486,-10.047075,,,20.0,400.0,1.6799999475479126,2.8223999,0.17,0.028900001,1.0
223,Paraguay,Caazapá,0.57,1,0,0.0,0.0,0,4002.2099609375,8.29,3.8732822,,,,,-4.5631137,-10.072766,,,20.0,400.0,1.649999976158142,2.7224998,0.155,0.024025,1.0
224,Paraguay,Canindeyú,0.14,0,0,0.0,0.0,1,6496.0498046875,8.78,3.6506581,,,,,-4.5065117,-9.999479,,,20.0,400.0,1.7400000095367432,3.0276,0.232,0.053823996,1.0
225,Paraguay,Central,-0.02,1,0,0.0,0.0,0,4597.91015625,8.43,3.0301337,,,,,-5.405607,-10.021274,,,21.0,441.0,1.5,2.25,0.164,0.026896002,1.0
226,Paraguay,Concepción,-0.04,1,0,0.0,0.0,0,3243.080078125,8.08,3.8670256,,,,,-4.80027,-9.821572,,,23.0,529.0,1.340000033378601,1.7956,0.044,0.001936,1.0
227,Paraguay,Cordillera,-0.02,1,0,0.0,0.0,0,3173.43994140625,8.06,3.5610461,,,,,-4.966926,-9.906424,,,21.0,441.0,1.5,2.25,0.179,0.032041002,1.0
228,Paraguay,Guairá,0.57,1,0,0.0,0.0,0,3834.6201171875,8.25,3.706228,,,,,-4.84834,-10.055508,,,20.0,400.0,1.659999966621399,2.7556,0.125,0.015625,1.0
229,Paraguay,Itapúa,1.19,1,0,0.0,0.0,0,4649.60986328125,8.44,3.6054978,,,,,-4.8799257,-9.888838,,,20.0,400.0,1.8799999952316284,3.5344,0.052,0.002704,1.0
230,Paraguay,Misiones,0.84,1,0,0.0,0.0,0,4537.169921875,8.42,3.6454499,,,,,-4.7934494,-9.955083,,,20.0,400.0,1.7100000381469727,2.9241002,0.061,0.0037210002,1.0
231,Paraguay,Paraguarí,0.5,1,0,0.0,0.0,0,2843.18994140625,7.95,3.5973122,,,,,-4.711603,-10.043337,,,20.0,400.0,1.600000023841858,2.5600002,0.087,0.0075689997,1.0
232,Paraguay,Presidente Hayes,-1.62,1,0,0.0,0.0,0,4880.68017578125,8.49,3.5409594,,,,,-4.4116454,-10.049534,,,25.0,625.0,1.149999976158142,1.3225,0.055,0.003025,1.0
233,Paraguay,San Pedro,-0.15,1,0,0.0,0.0,0,3039.1201171875,8.02,3.589059,,,,,-4.483074,-10.093323,,,22.0,484.0,1.5299999713897705,2.3409,0.064,0.0040960005,1.0
234,Paraguay,Ñeembucú,0.19,1,0,0.0,0.0,0,3653.3701171875,8.2,4.130355,,,,,-4.361196,-9.77679,,,20.0,400.0,1.4299999475479126,2.0449,0.044,0.001936,1.0
235,Peru, Amazonas,1.290953,1,0,0.0,0.0,0,2092.88623046875,7.6462994,3.9778109,-0.822491,,,-0.20826575,-4.3749876,,12.1,,14.845454,220.38751,0.9526272583007812,0.9074987,1.846,3.4077158,1.0
236,Peru, Ancash,1.217253,0,1,1.0,0.0,0,3193.90771484375,8.069,3.1822119,-0.7395347,,,-0.22696635,-4.64569,,36.6,,12.336364,152.18587,0.8637908935546875,0.7461347,3.135,9.828225,0.0
237,Peru, Apurímac,2.851311,0,1,0.0,1.0,0,1287.116455078125,7.1601596,3.9396381,-0.52062166,,,-0.4304153,-4.54861,,77.4,,14.966667,224.00113,0.9459666748046875,0.89485294,2.689,7.2307205,1.0
238,Peru, Arequipa,1.782292,1,0,0.0,0.0,0,7623.00732421875,8.938927,2.4248028,-0.7606512,4.3049655,6.55108,-0.07696183,-4.7400055,,19.3,,16.272728,264.80167,0.09206363677978516,0.008475713,2.413,5.8225694,0.0
239,Peru, Ayacucho,2.661142,0,1,1.0,0.0,0,1757.783935546875,7.4718094,3.7328963,-0.5525742,,,-0.37352934,-4.3883185,,71.3,,17.772728,315.86987,0.57319091796875,0.32854784,2.804,7.8624153,1.0
240,Peru, Cajamarca,1.870516,0,1,0.0,1.0,0,2254.531494140625,7.7206974,3.9415817,-0.65209097,,,-0.29929763,-4.5517526,,1.3,,14.590909,212.89462,0.6827182006835938,0.46610415,2.627,6.9011297,1.0
241,Peru, Cusco,2.851311,0,1,1.0,0.0,0,2413.792236328125,7.7889543,3.5496173,-0.5220223,,,-0.27787852,-4.88821,,64.9,,12.318182,151.73761,0.68169091796875,0.46470252,3.329,11.082241,1.0
242,Peru, Huancavelica,2.42611,0,1,1.0,0.0,0,1773.8018798828125,7.4808803,4.1206617,-0.8628864,,,-0.38984978,-4.355868,,67.3,,10.345454,107.02842,0.9814818115234375,0.96330655,3.98,15.8404,1.0
243,Peru, Huánuco,1.870516,1,0,0.0,0.0,0,2466.6025390625,7.810597,4.1125116,-0.8909047,,,-0.26656148,-4.6897593,,31.8,,20.372728,415.04807,0.3927909240722656,0.15428472,1.793,3.214849,1.0
244,Peru, Ica,3.772784,1,0,0.0,0.0,0,6036.2333984375,8.705536,1.9315214,-1.0176514,,,-0.05726618,-5.007545,,6.9,,21.199999,449.43994,0.007800000190734863,6.0840004e-05,0.446,0.198916,0.0
245,Peru, Junín,2.42611,1,0,0.0,0.0,0,3595.408447265625,8.187413,3.3911471,-1.067031,,,-0.1375028,-4.7436624,,15.3,,12.254545,150.17387,0.7211272583007813,0.52002454,3.495,12.215024,1.0
246,Peru, La Libertad,3.857093,0,1,0.0,1.0,0,4399.3857421875,8.38922,3.0726933,-0.7542801,,,-0.1332721,-4.878069,,0.6,,20.345455,413.93756,0.030227272033691407,0.000913688,0.028,0.00078400003,0.0
247,Peru, Lambayeque,4.606685,0,1,0.0,1.0,0,4050.03515625,8.30648,3.109061,-0.7681865,,,-0.112261616,-5.269497,,3.0,,21.6,466.56003,0.053390907287597655,0.0028505889,0.0,0.0,0.0
248,Peru, Lima,3.785225,1,0,0.0,0.0,0,7765.72314453125,8.957475,1.3350011,-0.7061816,,,-0.041131947,-4.9975166,,10.1,,19.363636,374.9504,0.0077818183898925785,6.0556697e-05,0.107,0.011449,0.0
249,Peru, Loreto,-0.2473601,1,0,0.0,0.0,0,4244.7001953125,8.353427,3.708682,-0.6444181,,,-0.106993385,-4.3696556,,5.5,,27.345455,747.7739,2.798800048828125,7.8332815,0.106,0.011236,1.0
250,Peru, Madre de Dios,-0.2473601,0,0,0.0,0.0,1,4242.27197265625,8.352854,2.7972813,-0.7113662,,,-0.079489544,-4.1204257,,28.8,,26.6,707.56,2.209875,4.8835473,0.192,0.036864,1.0
251,Peru, Moquegua,0.9414801,1,0,0.0,0.0,0,13295.4912109375,9.49518,2.3608541,-0.669784,4.282552,6.55108,-0.08922179,-4.5569515,,23.8,,19.554546,382.38028,0.017311111450195312,0.00029967458,1.534,2.353156,0.0
252,Peru, Pasco,2.42611,0,1,1.0,0.0,0,5360.8017578125,8.586869,3.468856,-0.73980844,,,-0.15765293,-4.3630557,,14.2,,4.927273,24.278017,1.00136669921875,1.0027353,4.326,18.714277,1.0
253,Peru, Piura,3.48407,1,0,0.0,0.0,0,2591.29541015625,7.8599133,3.3322046,-0.7538471,4.372607,8.432179,-0.16935411,-4.908982,,0.4,,24.454546,598.02484,0.24435455322265626,0.059709147,0.024,0.000576,0.0
254,Peru, Puno,2.202286,0,1,1.0,0.0,0,1670.5535888671875,7.4209104,3.908015,-0.85796446,,,-0.24025808,-4.839526,,76.5,,10.054545,101.09388,0.7917999877929688,0.6269472,3.808,14.500865,1.0
255,Peru, San Martín,1.870516,1,0,0.0,0.0,0,2193.036865234375,7.6930428,3.218876,-0.8348181,,,-0.12698126,-4.624608,,3.2,,22.663637,513.64044,1.364581787109375,1.8620834,0.723,0.522729,1.0
256,Peru, Tacna,0.9414801,1,0,0.0,0.0,0,5687.75732421875,8.646071,1.7917595,-0.8087302,4.275276,6.6783423,-0.07450355,-4.9045067,,24.5,,17.718182,313.93396,0.026545454025268554,0.0007046611,0.557,0.31024897,0.0
257,Peru, Tumbes,2.849462,1,0,0.0,0.0,0,2752.93212890625,7.920422,1.9600948,-0.99411064,4.372607,8.432179,-0.065583974,-4.748429,,0.5,,25.345455,642.3921,0.5307636108398438,0.28171,0.004,1.6000002e-05,0.0
258,Peru, Ucayali,-0.2473601,0,0,0.0,0.0,1,2869.164794921875,7.9617763,3.775057,-0.9436347,,,-0.09496684,-4.5742626,,12.6,,26.527273,703.6962,1.9187091064453126,3.6814446,0.157,0.024649002,1.0
259,US,Alabama,-1.048222,0,1,0.0,1.0,0,25293.876953125,10.138318,2.7788193,-0.7444405,,,,-6.119298,-13.26599,0.5094345,26.253708,19.765625,390.67993,1.4551025390625,2.1173234,0.075,0.005625,0.0
260,US,Arizona,-0.9680302,1,0,0.0,0.0,0,30262.4296875,10.317662,2.6318889,-0.79850775,,,,-6.260652,-13.322641,5.1338997,3.1875927,19.5,380.25,0.27264358520507814,0.074334525,0.342,0.116964005,1.0
261,US,Arkansas,-2.391023,0,1,0.0,1.0,0,24380.77734375,10.10155,2.76001,-0.7808861,,,,-5.9954724,-13.28394,0.6751449,15.883421,18.270832,333.8233,1.3906500244140625,1.9339075,0.091,0.008281,1.0
262,US,California,0.7100578,1,0,0.0,0.0,0,37543.859375,10.533265,2.653242,-0.7444405,4.3463993,7.724373,,-6.3830266,-13.257433,1.0331824,7.0167427,17.770832,315.80246,0.4063662109375,0.16513349,0.004,1.6000002e-05,0.0
263,US,Colorado,-2.617787,0,0,0.0,0.0,1,39240.29296875,10.577459,2.2300143,-0.8255364,4.091006,6.3288293,,-6.0661883,-13.215973,1.0586317,3.9497507,10.7,114.49,0.29992318725585937,0.08995392,1.613,2.6017692,1.0
264,US,Connecticut,0.0733558,1,0,0.0,0.0,0,46472.62109375,10.746618,2.0668628,-0.7402388,,,,-6.0322866,-13.213761,0.28939715,9.302591,11.75,138.0625,1.0896600341796876,1.187359,0.013,0.000169,0.0
265,US,Delaware,-0.0649935,1,0,0.0,0.0,0,53242.96875,10.882621,2.2192035,-0.8462984,,,,-6.2046576,-13.409297,0.35441434,19.552614,13.875,192.51562,1.0373360595703125,1.0760661,0.005,2.5e-05,0.0
266,US,Florida,-1.929778,0,1,0.0,1.0,0,28971.990234375,10.274085,2.5257287,-0.7550226,,,,-6.3424416,-13.240179,0.3430782,14.965369,24.706732,610.4226,1.3417841796875,1.8003848,0.053,0.002809,0.0
267,US,Georgia,-0.9100031,0,1,0.0,1.0,0,35012.98046875,10.463474,2.5649493,-0.77435726,,,,-6.4759727,-13.28606,0.26928005,29.106354,19.78125,391.29785,1.22775146484375,1.5073737,0.304,0.092415996,0.0
268,US,Idaho,-2.435209,0,0,0.0,0.0,1,26798.41796875,10.196098,2.4680996,-0.8509713,,,,-5.9331956,-13.129089,1.3911841,0.4301672,11.25,126.5625,0.3105574035644531,0.0964459,0.834,0.695556,1.0
269,US,Illinois,-1.615148,1,0,0.0,0.0,0,36819.05078125,10.513771,2.3702438,-0.78526247,,,,-6.1012793,-13.256072,0.2544755,15.404074,11.175,124.88063,0.928014404296875,0.86121076,0.182,0.033124,1.0
270,US,Indiana,-2.055906,0,0,0.0,0.0,1,31535.578125,10.358871,2.2512918,-0.85802186,,,,-6.1238537,-13.225671,0.26337206,8.493753,12.421875,154.30298,0.996759521484375,0.99352956,0.221,0.048841,1.0
271,US,Iowa,-1.558018,0,0,0.0,0.0,1,30566.53125,10.327661,2.2082744,-0.8722738,,,,-5.7860775,-13.227356,0.31054956,2.1368809,9.890625,97.82446,0.83210400390625,0.69239706,0.267,0.071288995,1.0
272,US,Kansas,-2.645134,0,0,0.0,0.0,1,30564.748046875,10.327602,2.2925348,-0.83240926,,,,-5.8361716,-13.336496,0.9474445,5.8587604,13.6875,187.34766,0.6757924194335938,0.4566954,0.273,0.074529,1.0
273,US,Kentucky,-3.769328,0,0,0.0,0.0,1,27472.9921875,10.220959,2.76001,-0.759287,,,,-6.0116673,-13.328102,0.2154363,7.4010973,14.984375,224.5315,1.1932919921875,1.4239458,0.151,0.022800999,1.0
274,US,Louisiana,-0.8923156,0,1,0.0,1.0,0,29699.412109375,10.2988825,2.9755297,-0.7277386,,,,-6.2046576,-13.309429,0.57631004,32.844128,22.0,484.0,1.4206219482421876,2.0181668,0.014,0.00019600001,0.0
275,US,Maine,-2.202645,1,0,0.0,0.0,0,27550.705078125,10.2237835,2.3887627,-0.8347108,,,,-5.6664867,-13.327692,0.5623176,0.5355406,6.3125,39.847656,1.02793798828125,1.0566565,0.02,0.0004,0.0
276,US,Maryland,-2.620714,1,0,0.0,0.0,0,33468.98828125,10.418375,2.1400661,-0.8347108,,,,-6.2046576,-13.300817,0.29700172,28.450602,14.4375,208.4414,1.035303955078125,1.0718542,0.0,0.0,0.0
277,US,Massachusetts,0.7756522,1,0,0.0,0.0,0,42938.1328125,10.667516,2.2300143,-0.77002823,,,,-6.1284304,-13.307419,0.2420567,5.5368195,10.541662,111.12664,1.170177978515625,1.3693165,0.002,4.0000004e-06,0.0
278,US,Michigan,-2.002834,1,0,0.0,0.0,0,33416.4921875,10.416805,2.3513753,-0.82098055,4.334673,7.157216,,-6.0116673,-13.27243,0.60002905,14.495566,7.8819437,62.12504,0.8148601684570312,0.6639971,0.257,0.066049,1.0
279,US,Minnesota,-1.409693,1,0,0.0,0.0,0,37125.6640625,10.522064,2.0668628,-0.85331595,4.328758,6.985873,,-5.8569336,-13.211998,1.136448,3.5505548,5.6625,32.063904,0.7100316162109375,0.5041449,0.228,0.051984,1.0
280,US,Mississippi,-0.221942,0,1,0.0,1.0,0,22205.59765625,10.0081,2.9907198,-0.7381446,,,,-6.180207,-13.151229,0.4125132,36.599712,19.583332,383.5069,1.4219765625,2.0220172,0.08,0.0064,0.0
281,US,Missouri,-4.026873,0,1,0.0,1.0,0,31059.8203125,10.34367,2.4595888,-0.8007324,,,,-5.9331956,-13.250869,0.4548398,11.416178,14.28125,203.9541,0.9983469848632812,0.9966967,0.181,0.032760996,1.0
282,US,Montana,-2.128692,0,0,0.0,0.0,1,23326.744140625,10.057356,2.6810215,-0.83011305,,,,-5.255258,-13.591198,6.3248973,0.3036781,7.604169,57.823383,0.3506045837402344,0.122923575,1.262,1.5926439,1.0
283,US,Nebraska,-1.520918,0,0,0.0,0.0,1,32074.5,10.375816,2.272126,-0.85802186,,5.043425,,-5.4307065,-13.173301,0.8828253,4.062146,10.734375,115.22681,0.6043930053710938,0.3652909,0.69,0.4761,1.0
284,US,Nevada,-2.840576,0,0,0.0,0.0,1,36867.51171875,10.515086,2.3513753,-0.83011305,,,,-6.431521,-13.354929,1.3747321,7.0493784,12.3,151.29001,0.20294599914550782,0.041187078,1.462,2.137444,1.0
285,US,New Hampshire,-0.7943333,1,0,0.0,0.0,0,34737.19921875,10.455566,1.8718022,-0.8818893,,,,-5.8997974,-13.226049,0.2424397,0.73901576,2.375,5.640625,1.7186910400390625,2.953899,0.084,0.0070559997,0.0
286,US,New Jersey,-0.0649935,1,0,0.0,0.0,0,40262.16015625,10.603168,2.1400661,-0.7765288,,,,-6.1705914,-13.295694,0.23769008,13.923636,13.6875,187.34766,1.07010205078125,1.1451184,0.015,0.000225,0.0
287,US,New Mexico,-0.9680302,1,0,0.0,0.0,0,27299.9296875,10.21464,2.9123507,-0.7765288,4.01458,6.0473723,,-6.023988,-13.1323595,9.897936,1.9594128,15.458331,238.96,0.3094565734863281,0.09576337,2.152,4.631104,1.0
288,US,New York,-1.307471,1,0,0.0,0.0,0,39934.63671875,10.594999,2.6810215,-0.6951492,4.347694,5.857933,,-6.371262,-13.271365,0.44849214,16.394756,11.243056,126.40632,1.0150404052734374,1.030307,0.02,0.0004,0.0
289,US,North Carolina,-2.04188,1,0,0.0,0.0,0,33565.0625,10.421241,2.5095992,-0.7940731,,,,-6.2659016,-13.222003,1.2528359,21.866768,17.28125,298.6416,1.2068809814453125,1.4565617,0.09,0.0081,0.0
290,US,North Dakota,-2.026884,0,0,0.0,0.0,1,27723.177734375,10.230024,2.4765384,-0.8462984,4.310799,6.163315,,-5.3391395,-13.367347,4.93524,0.61688524,5.8541627,34.27122,0.4113954162597656,0.16924618,0.516,0.26625597,1.0
291,US,Ohio,-2.138458,0,0,0.0,0.0,1,32205.919921875,10.379906,2.360854,-0.8187104,4.2801323,6.55108,,-6.137647,-13.254971,0.21871766,11.623737,11.3984375,129.92438,0.9507855224609375,0.9039931,0.234,0.054755997,1.0
292,US,Oklahoma,-1.411041,0,0,0.0,0.0,1,25646.759765625,10.152172,2.6878474,-0.7874578,,,,-5.8674784,-13.169751,8.293094,7.920917,17.59375,309.54004,0.9391649780273438,0.88203084,0.359,0.12888099,1.0
293,US,Oregon,-0.5164778,0,0,0.0,0.0,1,32519.759765625,10.389604,2.451005,-0.8255364,,,,-6.0116673,-13.250693,1.363151,1.6782577,11.9140625,141.94489,0.8501062622070312,0.7226806,0.058,0.0033639998,0.0
294,US,Pennsylvania,-2.003007,1,0,0.0,0.0,0,31398.451171875,10.354514,2.3978953,-0.7940731,4.2890887,6.4769726,,-6.114763,-13.245975,0.1511513,10.088386,12.015625,144.37524,1.0198417358398437,1.0400772,0.108,0.011664,0.0
295,US,Rhode Island,0.7756522,1,0,0.0,0.0,0,31789.501953125,10.366892,2.4765384,-0.78307194,,,,-6.105754,-13.125821,0.50202537,4.598517,11.5,132.25,1.1564620361328124,1.3374045,0.002,4.0000004e-06,0.0
296,US,South Carolina,-2.634823,0,1,0.0,1.0,0,27699.8359375,10.229182,2.646175,-0.78965807,4.439706,7.20786,,-6.2925696,-13.272708,0.3453622,29.83881,19.8125,392.53516,1.277810546875,1.6327997,0.084,0.0070559997,0.0
297,US,South Dakota,-1.676435,0,0,0.0,0.0,1,30311.189453125,10.319272,2.580217,-0.8347108,4.310799,6.163315,,-5.2438293,-13.453111,8.363637,0.62912256,8.25,68.0625,0.5024754943847656,0.2524816,0.442,0.195364,1.0
298,US,Tennessee,-3.811366,0,0,0.0,0.0,1,30183.73046875,10.315059,2.6026897,-0.76571786,,,,-6.2196207,-13.202854,0.26931268,16.579811,16.5,272.25,1.2466744384765625,1.5541972,0.138,0.019043999,1.0
299,US,Texas,-1.862773,1,0,0.0,0.0,0,34143.21484375,10.438319,2.7343674,-0.7550226,,,,-6.250235,-13.246733,0.5819979,11.823494,21.527775,463.4451,0.7368400268554688,0.5429332,0.14,0.0196,0.0
300,US,Utah,-2.773883,0,0,0.0,0.0,1,29942.55078125,10.307035,2.2407095,-0.8915981,,,,-6.419175,-13.260879,1.3579302,0.8077406,11.5,132.25,0.32943798828125,0.10852939,1.308,1.710864,1.0
301,US,Vermont,-1.727414,1,0,0.0,0.0,0,28571.45703125,10.260163,2.2407095,-0.8603831,,,,-5.458486,-13.240605,0.40233287,0.5092337,7.875,62.015625,0.8755380249023438,0.7665668,0.182,0.033124,1.0
302,US,Virginia,-1.265908,1,0,0.0,0.0,0,36213.5625,10.497189,2.261763,-0.8007324,,,,-6.2711782,-13.240124,0.30527237,20.046194,15.6,243.36002,1.065479248046875,1.135246,0.048,0.002304,0.0
303,US,Washington,-0.2169062,0,0,0.0,0.0,1,36982.88671875,10.51821,2.360854,-0.83011305,,,,-6.023988,-13.200701,1.6424491,3.349416,11.302081,127.73704,1.0812779541015625,1.169162,0.027,0.000729,0.0
304,US,West Virginia,-1.265908,1,0,0.0,0.0,0,22707.109375,10.030434,2.8848007,-0.759287,,,,-5.7699223,-13.301054,0.20116526,3.1927593,12.796875,163.76001,1.078801513671875,1.1638128,0.174,0.030275999,1.0
305,US,Wisconsin,-0.979739,1,0,0.0,0.0,0,32364.05078125,10.384804,2.163323,-0.88430774,4.334673,7.157216,,-5.8327527,-13.20584,0.8916361,5.7480206,8.34375,69.618164,0.7822564697265625,0.6119252,0.267,0.071288995,1.0
306,US,Wyoming,-2.199778,0,0,0.0,0.0,1,34761.48828125,10.456265,2.4336133,-0.8486321,,,,-5.4992104,-13.024944,2.295942,0.76758254,8.125,66.015625,0.3455035095214844,0.11937267,1.856,3.4447358,1.0
307,Uruguay,Artigas,-6.91,0,0,0.0,0.0,1,5500.25,8.61,3.8586223,,,,-0.05657036,,-10.091584,9.8,25.7,20.0,400.0,1.2999999523162842,1.6899998,0.134,0.017956002,1.0
308,Uruguay,Canelones,-4.61,1,0,0.0,0.0,0,3901.56005859375,8.27,2.8154087,,,,-0.032523196,,-10.0258665,2.8,7.9,17.0,289.0,1.0,1.0,0.008,6.400001e-05,0.0
309,Uruguay,Cerro Largo,-3.0,1,0,0.0,0.0,0,5540.52001953125,8.62,3.3843904,,,,-0.06400531,,-10.306333,2.5,10.0,17.5,306.25,1.149999976158142,1.3225,0.08,0.0064,0.0
310,Uruguay,Colonia,-3.0,1,0,0.0,0.0,0,8042.68017578125,8.99,3.339322,,,,-0.029428795,,-10.040071,1.0,1.2,17.5,306.25,1.0,1.0,0.027,0.000729,0.0
311,Uruguay,Durazno,-1.26,0,0,0.0,0.0,1,6432.97998046875,8.77,3.4499876,,,,-0.046043955,,-9.917686,1.3,6.6,17.5,306.25,1.0499999523162842,1.1024998,0.095,0.009025,1.0
312,Uruguay,Flores,-6.91,1,0,0.0,0.0,0,8044.169921875,8.99,2.6173959,,,,-0.039780844,,-9.176835,1.7,2.6,17.5,306.25,1.0499999523162842,1.1024998,0.126,0.015876,1.0
313,Uruguay,Florida,-6.91,1,0,0.0,0.0,0,8515.26953125,9.05,2.6532419,,,,-0.041864213,,-10.147257,0.5,3.3,17.5,306.25,1.0,1.0,0.073,0.005329,1.0
314,Uruguay,Lavallejana,-6.91,1,0,0.0,0.0,0,6214.83984375,8.73,2.0541236,,,,-0.044997398,,-10.129487,2.4,5.5,16.5,272.25,1.0700000524520874,1.1449001,0.147,0.021609,1.0
315,Uruguay,Maldonado,-4.61,1,0,0.0,0.0,0,7382.35009765625,8.91,2.5726123,,,,-0.022245623,,-10.106183,2.2,5.6,16.0,256.0,1.1200000047683716,1.2544,0.02,0.0004,0.0
316,Uruguay,Montevideo,-6.91,1,0,0.0,0.0,0,10527.51953125,9.26,3.2657595,,,,-0.01714618,,-10.057672,3.0,9.3,16.5,272.25,1.0299999713897705,1.0609,0.043,0.0018490001,0.0
317,Uruguay,Paysandú,-3.0,1,0,0.0,0.0,0,6687.14013671875,8.81,3.4594662,,,,-0.036663998,,-10.142557,1.4,10.0,18.0,324.0,1.100000023841858,1.21,0.034,0.0011560001,1.0
318,Uruguay,Rivera,-6.91,0,0,0.0,0.0,1,4330.56005859375,8.37,3.465736,,,,-0.070422485,,-10.088541,1.2,10.8,18.5,342.25,1.5,2.25,0.219,0.047961,1.0
319,Uruguay,Rocha,-3.0,1,0,0.0,0.0,0,6857.740234375,8.83,3.6661224,,,,-0.050241243,,-10.152026,3.3,19.6,16.0,256.0,1.1200000047683716,1.2544,0.027,0.000729,0.0
320,Uruguay,Río Negro,-0.16,1,0,0.0,0.0,0,7948.35986328125,8.98,2.7788193,,,,-0.044997398,,-9.767754,3.1,9.9,17.0,289.0,1.100000023841858,1.21,0.015,0.000225,0.0
321,Uruguay,Salto,-3.0,1,0,0.0,0.0,0,5535.66015625,8.62,3.4781585,,,,-0.044997398,,-10.163773,3.8,15.0,18.5,342.25,1.100000023841858,1.21,0.051,0.002601,1.0
322,Uruguay,San José,-4.61,1,0,0.0,0.0,0,6365.490234375,8.76,2.8094027,,,,-0.040822018,,-9.978734,2.7,5.4,17.0,289.0,0.8999999761581421,0.80999994,0.045,0.002025,0.0
323,Uruguay,Soriano,-0.57,1,0,0.0,0.0,0,6567.14013671875,8.79,3.4995332,,,,-0.041864213,,-10.355375,2.5,3.4,17.5,306.25,1.0499999523162842,1.1024998,0.062,0.003844,0.0
324,Uruguay,Tacuarembo,-3.0,0,0,0.0,0.0,1,6694.97998046875,8.81,3.4275148,,,,-0.05762911,,-10.378245,5.8,10.7,18.25,333.0625,1.2999999523162842,1.6899998,0.142,0.020164002,1.0
325,Uruguay,Treinta y Tres,-3.0,0,0,0.0,0.0,1,6653.830078125,8.8,3.218876,,,,-0.051293306,,-9.774432,1.5,8.3,16.8,282.23996,1.2899999618530273,1.6640999,0.042,0.0017639999,0.0
326,Venezuela,Amazonas,-1.049822,0,0,0.0,0.0,1,5361.6513671875,8.587028,2.981077,-0.84397006,,,-0.06827883,-4.455303,-9.617004,22.0,,27.5,756.25,2.208,4.875264,0.068,0.0046240003,1.0
327,Venezuela,Anzoátegui,0.5564586,1,0,0.0,0.0,0,7406.2080078125,8.910074,2.4320674,-0.7765288,,,-0.05551273,-5.838984,-11.443695,0.5,,27.3,745.29,0.52,0.2704,0.08,0.0064,0.0
328,Venezuela,Apure,0.2623642,1,0,0.0,0.0,0,4443.166015625,8.399122,3.3320405,-0.8915981,,,-0.1381133,-5.0765986,-11.153519,0.4,,26.9,723.61,1.452,2.108304,0.026,0.000676,1.0
329,Venezuela,Aragua,0.8244231,0,1,0.0,1.0,0,4866.9794921875,8.490229,2.5279965,-0.99425226,,,-0.035627205,-5.989946,-11.547818,0.2,,26.8,718.2399,1.024,1.048576,0.547,0.299209,0.0
330,Venezuela,Barinas,0.2985862,1,0,0.0,0.0,0,4314.74658203125,8.369794,3.4513652,-0.94160855,,,-0.114289194,-5.013334,-11.615532,0.3,,27.1,734.41003,1.458,2.125764,0.202,0.040804002,1.0
331,Venezuela,Bolívar,-0.967584,0,0,0.0,0.0,1,6839.59033203125,8.830483,3.0083518,-0.7339692,,,-0.048140366,-5.7898636,-11.415412,0.8,,25.566668,653.6545,1.437,2.064969,0.072,0.0051839994,1.0
332,Venezuela,Carabobo,1.023031,1,0,0.0,0.0,0,6355.763671875,8.757117,2.6832628,-0.8915981,,,-0.038740877,-6.1613045,-11.460447,0.2,,23.2,538.24005,0.969,0.938961,0.581,0.33756095,0.0
333,Venezuela,Falcón,1.023031,0,1,1.0,0.0,0,5379.865234375,8.590419,2.9513884,-0.8915981,,,-0.07580173,-5.357473,-11.679657,0.3,,27.8,772.83997,0.276,0.076176,0.03,0.0009,0.0
334,Venezuela,Guárico,0.3350831,1,0,0.0,0.0,0,6423.578125,8.767731,3.2648258,-0.9162907,,,-0.10758521,-5.6008286,-11.400175,0.3,,26.75,715.5625,1.115,1.243225,0.542,0.293764,1.0
335,Venezuela,Lara,0.8244231,0,1,1.0,0.0,0,4592.40087890625,8.432158,3.2098222,-0.9162907,,,-0.084469125,-5.716533,-11.598687,0.1,,23.775,565.2506,0.649,0.421201,0.572,0.32718402,1.0
336,Venezuela,Miranda,0.8244233,0,1,0.0,1.0,0,9087.6845703125,9.1146755,2.184053,-0.63487834,,,-0.033556838,-4.987324,-11.557891,0.3,,24.2,585.64,0.821,0.674041,1.159,1.3432811,0.0
337,Venezuela,Monagas,0.1570037,1,0,0.0,0.0,0,4973.939453125,8.511968,2.7675736,-0.7765288,,,-0.070422485,-5.7556653,-11.408919,0.8,,26.6,707.56,1.215,1.476225,0.052,0.002704,0.0
338,Venezuela,Mérida,0.5763423,1,0,0.0,0.0,0,5706.263671875,8.64932,2.677498,-0.9162907,,,-0.09761289,-6.403773,-11.546573,0.3,,23.5,552.25,1.727,2.982529,1.51,2.2800999,1.0
339,Venezuela,Nueva Esparta,1.023031,1,0,0.0,0.0,0,5287.39208984375,8.57308,2.5797977,-0.9162907,,,-0.048140366,-5.835145,-11.2475,1.0,,27.8,772.83997,0.466,0.217156,0.118,0.013924,0.0
340,Venezuela,Portuguesa,0.3673168,1,0,0.0,0.0,0,3496.7890625,8.1596,3.1347804,-0.94160855,,,-0.118783526,-5.5569067,-11.498904,0.2,,26.5,702.25,1.605,2.576025,0.172,0.029584002,1.0
341,Venezuela,Sucre,1.023031,0,0,0.0,0.0,1,4276.005859375,8.360775,3.4189608,-0.8915981,,,-0.11204951,-5.5572696,-11.4172735,1.0,,26.85,720.92255,0.728,0.529984,0.06,0.0036,0.0
342,Venezuela,Trujillo,0.5763425,1,0,0.0,0.0,0,4283.611328125,8.362552,2.9065738,-0.967584,,,-0.12669767,-5.8691406,-11.468277,0.2,,25.1,630.01,1.187,1.408969,0.884,0.781456,1.0
343,Venezuela,Táchira,0.4316259,1,0,0.0,0.0,0,5822.44189453125,8.669475,3.0462444,-0.967584,,,-0.07149601,-5.142973,-11.527893,0.2,,24.866667,618.35114,1.497,2.241009,1.213,1.4713691,1.0
344,Venezuela,Zulia,0.4951876,0,0,0.0,0.0,1,6635.515625,8.800192,2.7778094,-0.8675006,,,-0.08555784,-6.072284,-11.459852,8.9,,28.566668,816.0545,0.808,0.652864,0.002,4.0000004e-06,1.0
